1,00,00:00
2,00,00:01
3,00,00:02
4,00,00:03
5,00,00:04
6,00,00:05
7,00,00:06
8,00,00:07
9,00,00:08
10,00,00:09
11,00,00:10
12,00,00:11
13,00,00:12
14,00,00:13
15,00,00:14
16,00,00:15
17,00,00:16
18,00,00:17
19,00,00:18
20,00,00:19
21,00,00:20
22,00,00:21
23,00,00:22
24,00,00:23
25,00,00:24
26,00,00:25
27,00,00:26
28,00,00:27
29,00,00:28
30,00,00:29
31,00,00:30
32,00,00:31
33,00,00:32
34,00,00:33
35,00,00:34
36,00,00:35
37,00,00:36
38,00,00:37
39,00,00:38
40,00,00:39
41,00,00:40
42,00,00:41
43,00,00:42
44,00,00:43
45,00,00:44
46,00,00:45
47,00,00:46
48,00,00:47
49,00,00:48
50,00,00:49
51,00,00:50
52,00,00:51
53,00,00:52
54,00,00:53
55,00,00:54
56,00,00:55
57,00,00:56
58,00,00:57
59,00,00:58
60,00,00:59
61,01,01:00
62,01,01:01
63,01,01:02
64,01,01:03
65,01,01:04
66,01,01:05
67,01,01:06
68,01,01:07
69,01,01:08
70,01,01:09
71,01,01:10
72,01,01:11
73,01,01:12
74,01,01:13
75,01,01:14
76,01,01:15
77,01,01:16
78,01,01:17
79,01,01:18
80,01,01:19
81,01,01:20
82,01,01:21
83,01,01:22
84,01,01:23
85,01,01:24
86,01,01:25
87,01,01:26
88,01,01:27
89,01,01:28
90,01,01:29
91,01,01:30
92,01,01:31
93,01,01:32
94,01,01:33
95,01,01:34
96,01,01:35
97,01,01:36
98,01,01:37
99,01,01:38
100,01,01:39
101,01,01:40
102,01,01:41
103,01,01:42
104,01,01:43
105,01,01:44
106,01,01:45
107,01,01:46
108,01,01:47
109,01,01:48
110,01,01:49
111,01,01:50
112,01,01:51
113,01,01:52
114,01,01:53
115,01,01:54
116,01,01:55
117,01,01:56
118,01,01:57
119,01,01:58
120,01,01:59
121,02,02:00
122,02,02:01
123,02,02:02
124,02,02:03
125,02,02:04
126,02,02:05
127,02,02:06
128,02,02:07
129,02,02:08
130,02,02:09
131,02,02:10
132,02,02:11
133,02,02:12
134,02,02:13
135,02,02:14
136,02,02:15
137,02,02:16
138,02,02:17
139,02,02:18
140,02,02:19
141,02,02:20
142,02,02:21
143,02,02:22
144,02,02:23
145,02,02:24
146,02,02:25
147,02,02:26
148,02,02:27
149,02,02:28
150,02,02:29
151,02,02:30
152,02,02:31
153,02,02:32
154,02,02:33
155,02,02:34
156,02,02:35
157,02,02:36
158,02,02:37
159,02,02:38
160,02,02:39
161,02,02:40
162,02,02:41
163,02,02:42
164,02,02:43
165,02,02:44
166,02,02:45
167,02,02:46
168,02,02:47
169,02,02:48
170,02,02:49
171,02,02:50
172,02,02:51
173,02,02:52
174,02,02:53
175,02,02:54
176,02,02:55
177,02,02:56
178,02,02:57
179,02,02:58
180,02,02:59
181,03,03:00
182,03,03:01
183,03,03:02
184,03,03:03
185,03,03:04
186,03,03:05
187,03,03:06
188,03,03:07
189,03,03:08
190,03,03:09
191,03,03:10
192,03,03:11
193,03,03:12
194,03,03:13
195,03,03:14
196,03,03:15
197,03,03:16
198,03,03:17
199,03,03:18
200,03,03:19
201,03,03:20
202,03,03:21
203,03,03:22
204,03,03:23
205,03,03:24
206,03,03:25
207,03,03:26
208,03,03:27
209,03,03:28
210,03,03:29
211,03,03:30
212,03,03:31
213,03,03:32
214,03,03:33
215,03,03:34
216,03,03:35
217,03,03:36
218,03,03:37
219,03,03:38
220,03,03:39
221,03,03:40
222,03,03:41
223,03,03:42
224,03,03:43
225,03,03:44
226,03,03:45
227,03,03:46
228,03,03:47
229,03,03:48
230,03,03:49
231,03,03:50
232,03,03:51
233,03,03:52
234,03,03:53
235,03,03:54
236,03,03:55
237,03,03:56
238,03,03:57
239,03,03:58
240,03,03:59
241,04,04:00
242,04,04:01
243,04,04:02
244,04,04:03
245,04,04:04
246,04,04:05
247,04,04:06
248,04,04:07
249,04,04:08
250,04,04:09
251,04,04:10
252,04,04:11
253,04,04:12
254,04,04:13
255,04,04:14
256,04,04:15
257,04,04:16
258,04,04:17
259,04,04:18
260,04,04:19
261,04,04:20
262,04,04:21
263,04,04:22
264,04,04:23
265,04,04:24
266,04,04:25
267,04,04:26
268,04,04:27
269,04,04:28
270,04,04:29
271,04,04:30
272,04,04:31
273,04,04:32
274,04,04:33
275,04,04:34
276,04,04:35
277,04,04:36
278,04,04:37
279,04,04:38
280,04,04:39
281,04,04:40
282,04,04:41
283,04,04:42
284,04,04:43
285,04,04:44
286,04,04:45
287,04,04:46
288,04,04:47
289,04,04:48
290,04,04:49
291,04,04:50
292,04,04:51
293,04,04:52
294,04,04:53
295,04,04:54
296,04,04:55
297,04,04:56
298,04,04:57
299,04,04:58
300,04,04:59
301,05,05:00
302,05,05:01
303,05,05:02
304,05,05:03
305,05,05:04
306,05,05:05
307,05,05:06
308,05,05:07
309,05,05:08
310,05,05:09
311,05,05:10
312,05,05:11
313,05,05:12
314,05,05:13
315,05,05:14
316,05,05:15
317,05,05:16
318,05,05:17
319,05,05:18
320,05,05:19
321,05,05:20
322,05,05:21
323,05,05:22
324,05,05:23
325,05,05:24
326,05,05:25
327,05,05:26
328,05,05:27
329,05,05:28
330,05,05:29
331,05,05:30
332,05,05:31
333,05,05:32
334,05,05:33
335,05,05:34
336,05,05:35
337,05,05:36
338,05,05:37
339,05,05:38
340,05,05:39
341,05,05:40
342,05,05:41
343,05,05:42
344,05,05:43
345,05,05:44
346,05,05:45
347,05,05:46
348,05,05:47
349,05,05:48
350,05,05:49
351,05,05:50
352,05,05:51
353,05,05:52
354,05,05:53
355,05,05:54
356,05,05:55
357,05,05:56
358,05,05:57
359,05,05:58
360,05,05:59
361,06,06:00
362,06,06:01
363,06,06:02
364,06,06:03
365,06,06:04
366,06,06:05
367,06,06:06
368,06,06:07
369,06,06:08
370,06,06:09
371,06,06:10
372,06,06:11
373,06,06:12
374,06,06:13
375,06,06:14
376,06,06:15
377,06,06:16
378,06,06:17
379,06,06:18
380,06,06:19
381,06,06:20
382,06,06:21
383,06,06:22
384,06,06:23
385,06,06:24
386,06,06:25
387,06,06:26
388,06,06:27
389,06,06:28
390,06,06:29
391,06,06:30
392,06,06:31
393,06,06:32
394,06,06:33
395,06,06:34
396,06,06:35
397,06,06:36
398,06,06:37
399,06,06:38
400,06,06:39
401,06,06:40
402,06,06:41
403,06,06:42
404,06,06:43
405,06,06:44
406,06,06:45
407,06,06:46
408,06,06:47
409,06,06:48
410,06,06:49
411,06,06:50
412,06,06:51
413,06,06:52
414,06,06:53
415,06,06:54
416,06,06:55
417,06,06:56
418,06,06:57
419,06,06:58
420,06,06:59
421,07,07:00
422,07,07:01
423,07,07:02
424,07,07:03
425,07,07:04
426,07,07:05
427,07,07:06
428,07,07:07
429,07,07:08
430,07,07:09
431,07,07:10
432,07,07:11
433,07,07:12
434,07,07:13
435,07,07:14
436,07,07:15
437,07,07:16
438,07,07:17
439,07,07:18
440,07,07:19
441,07,07:20
442,07,07:21
443,07,07:22
444,07,07:23
445,07,07:24
446,07,07:25
447,07,07:26
448,07,07:27
449,07,07:28
450,07,07:29
451,07,07:30
452,07,07:31
453,07,07:32
454,07,07:33
455,07,07:34
456,07,07:35
457,07,07:36
458,07,07:37
459,07,07:38
460,07,07:39
461,07,07:40
462,07,07:41
463,07,07:42
464,07,07:43
465,07,07:44
466,07,07:45
467,07,07:46
468,07,07:47
469,07,07:48
470,07,07:49
471,07,07:50
472,07,07:51
473,07,07:52
474,07,07:53
475,07,07:54
476,07,07:55
477,07,07:56
478,07,07:57
479,07,07:58
480,07,07:59
481,08,08:00
482,08,08:01
483,08,08:02
484,08,08:03
485,08,08:04
486,08,08:05
487,08,08:06
488,08,08:07
489,08,08:08
490,08,08:09
491,08,08:10
492,08,08:11
493,08,08:12
494,08,08:13
495,08,08:14
496,08,08:15
497,08,08:16
498,08,08:17
499,08,08:18
500,08,08:19
501,08,08:20
502,08,08:21
503,08,08:22
504,08,08:23
505,08,08:24
506,08,08:25
507,08,08:26
508,08,08:27
509,08,08:28
510,08,08:29
511,08,08:30
512,08,08:31
513,08,08:32
514,08,08:33
515,08,08:34
516,08,08:35
517,08,08:36
518,08,08:37
519,08,08:38
520,08,08:39
521,08,08:40
522,08,08:41
523,08,08:42
524,08,08:43
525,08,08:44
526,08,08:45
527,08,08:46
528,08,08:47
529,08,08:48
530,08,08:49
531,08,08:50
532,08,08:51
533,08,08:52
534,08,08:53
535,08,08:54
536,08,08:55
537,08,08:56
538,08,08:57
539,08,08:58
540,08,08:59
541,09,09:00
542,09,09:01
543,09,09:02
544,09,09:03
545,09,09:04
546,09,09:05
547,09,09:06
548,09,09:07
549,09,09:08
550,09,09:09
551,09,09:10
552,09,09:11
553,09,09:12
554,09,09:13
555,09,09:14
556,09,09:15
557,09,09:16
558,09,09:17
559,09,09:18
560,09,09:19
561,09,09:20
562,09,09:21
563,09,09:22
564,09,09:23
565,09,09:24
566,09,09:25
567,09,09:26
568,09,09:27
569,09,09:28
570,09,09:29
571,09,09:30
572,09,09:31
573,09,09:32
574,09,09:33
575,09,09:34
576,09,09:35
577,09,09:36
578,09,09:37
579,09,09:38
580,09,09:39
581,09,09:40
582,09,09:41
583,09,09:42
584,09,09:43
585,09,09:44
586,09,09:45
587,09,09:46
588,09,09:47
589,09,09:48
590,09,09:49
591,09,09:50
592,09,09:51
593,09,09:52
594,09,09:53
595,09,09:54
596,09,09:55
597,09,09:56
598,09,09:57
599,09,09:58
600,09,09:59
601,10,10:00
602,10,10:01
603,10,10:02
604,10,10:03
605,10,10:04
606,10,10:05
607,10,10:06
608,10,10:07
609,10,10:08
610,10,10:09
611,10,10:10
612,10,10:11
613,10,10:12
614,10,10:13
615,10,10:14
616,10,10:15
617,10,10:16
618,10,10:17
619,10,10:18
620,10,10:19
621,10,10:20
622,10,10:21
623,10,10:22
624,10,10:23
625,10,10:24
626,10,10:25
627,10,10:26
628,10,10:27
629,10,10:28
630,10,10:29
631,10,10:30
632,10,10:31
633,10,10:32
634,10,10:33
635,10,10:34
636,10,10:35
637,10,10:36
638,10,10:37
639,10,10:38
640,10,10:39
641,10,10:40
642,10,10:41
643,10,10:42
644,10,10:43
645,10,10:44
646,10,10:45
647,10,10:46
648,10,10:47
649,10,10:48
650,10,10:49
651,10,10:50
652,10,10:51
653,10,10:52
654,10,10:53
655,10,10:54
656,10,10:55
657,10,10:56
658,10,10:57
659,10,10:58
660,10,10:59
661,11,11:00
662,11,11:01
663,11,11:02
664,11,11:03
665,11,11:04
666,11,11:05
667,11,11:06
668,11,11:07
669,11,11:08
670,11,11:09
671,11,11:10
672,11,11:11
673,11,11:12
674,11,11:13
675,11,11:14
676,11,11:15
677,11,11:16
678,11,11:17
679,11,11:18
680,11,11:19
681,11,11:20
682,11,11:21
683,11,11:22
684,11,11:23
685,11,11:24
686,11,11:25
687,11,11:26
688,11,11:27
689,11,11:28
690,11,11:29
691,11,11:30
692,11,11:31
693,11,11:32
694,11,11:33
695,11,11:34
696,11,11:35
697,11,11:36
698,11,11:37
699,11,11:38
700,11,11:39
701,11,11:40
702,11,11:41
703,11,11:42
704,11,11:43
705,11,11:44
706,11,11:45
707,11,11:46
708,11,11:47
709,11,11:48
710,11,11:49
711,11,11:50
712,11,11:51
713,11,11:52
714,11,11:53
715,11,11:54
716,11,11:55
717,11,11:56
718,11,11:57
719,11,11:58
720,11,11:59
721,12,12:00
722,12,12:01
723,12,12:02
724,12,12:03
725,12,12:04
726,12,12:05
727,12,12:06
728,12,12:07
729,12,12:08
730,12,12:09
731,12,12:10
732,12,12:11
733,12,12:12
734,12,12:13
735,12,12:14
736,12,12:15
737,12,12:16
738,12,12:17
739,12,12:18
740,12,12:19
741,12,12:20
742,12,12:21
743,12,12:22
744,12,12:23
745,12,12:24
746,12,12:25
747,12,12:26
748,12,12:27
749,12,12:28
750,12,12:29
751,12,12:30
752,12,12:31
753,12,12:32
754,12,12:33
755,12,12:34
756,12,12:35
757,12,12:36
758,12,12:37
759,12,12:38
760,12,12:39
761,12,12:40
762,12,12:41
763,12,12:42
764,12,12:43
765,12,12:44
766,12,12:45
767,12,12:46
768,12,12:47
769,12,12:48
770,12,12:49
771,12,12:50
772,12,12:51
773,12,12:52
774,12,12:53
775,12,12:54
776,12,12:55
777,12,12:56
778,12,12:57
779,12,12:58
780,12,12:59
781,13,13:00
782,13,13:01
783,13,13:02
784,13,13:03
785,13,13:04
786,13,13:05
787,13,13:06
788,13,13:07
789,13,13:08
790,13,13:09
791,13,13:10
792,13,13:11
793,13,13:12
794,13,13:13
795,13,13:14
796,13,13:15
797,13,13:16
798,13,13:17
799,13,13:18
800,13,13:19
801,13,13:20
802,13,13:21
803,13,13:22
804,13,13:23
805,13,13:24
806,13,13:25
807,13,13:26
808,13,13:27
809,13,13:28
810,13,13:29
811,13,13:30
812,13,13:31
813,13,13:32
814,13,13:33
815,13,13:34
816,13,13:35
817,13,13:36
818,13,13:37
819,13,13:38
820,13,13:39
821,13,13:40
822,13,13:41
823,13,13:42
824,13,13:43
825,13,13:44
826,13,13:45
827,13,13:46
828,13,13:47
829,13,13:48
830,13,13:49
831,13,13:50
832,13,13:51
833,13,13:52
834,13,13:53
835,13,13:54
836,13,13:55
837,13,13:56
838,13,13:57
839,13,13:58
840,13,13:59
841,14,14:00
842,14,14:01
843,14,14:02
844,14,14:03
845,14,14:04
846,14,14:05
847,14,14:06
848,14,14:07
849,14,14:08
850,14,14:09
851,14,14:10
852,14,14:11
853,14,14:12
854,14,14:13
855,14,14:14
856,14,14:15
857,14,14:16
858,14,14:17
859,14,14:18
860,14,14:19
861,14,14:20
862,14,14:21
863,14,14:22
864,14,14:23
865,14,14:24
866,14,14:25
867,14,14:26
868,14,14:27
869,14,14:28
870,14,14:29
871,14,14:30
872,14,14:31
873,14,14:32
874,14,14:33
875,14,14:34
876,14,14:35
877,14,14:36
878,14,14:37
879,14,14:38
880,14,14:39
881,14,14:40
882,14,14:41
883,14,14:42
884,14,14:43
885,14,14:44
886,14,14:45
887,14,14:46
888,14,14:47
889,14,14:48
890,14,14:49
891,14,14:50
892,14,14:51
893,14,14:52
894,14,14:53
895,14,14:54
896,14,14:55
897,14,14:56
898,14,14:57
899,14,14:58
900,14,14:59
901,15,15:00
902,15,15:01
903,15,15:02
904,15,15:03
905,15,15:04
906,15,15:05
907,15,15:06
908,15,15:07
909,15,15:08
910,15,15:09
911,15,15:10
912,15,15:11
913,15,15:12
914,15,15:13
915,15,15:14
916,15,15:15
917,15,15:16
918,15,15:17
919,15,15:18
920,15,15:19
921,15,15:20
922,15,15:21
923,15,15:22
924,15,15:23
925,15,15:24
926,15,15:25
927,15,15:26
928,15,15:27
929,15,15:28
930,15,15:29
931,15,15:30
932,15,15:31
933,15,15:32
934,15,15:33
935,15,15:34
936,15,15:35
937,15,15:36
938,15,15:37
939,15,15:38
940,15,15:39
941,15,15:40
942,15,15:41
943,15,15:42
944,15,15:43
945,15,15:44
946,15,15:45
947,15,15:46
948,15,15:47
949,15,15:48
950,15,15:49
951,15,15:50
952,15,15:51
953,15,15:52
954,15,15:53
955,15,15:54
956,15,15:55
957,15,15:56
958,15,15:57
959,15,15:58
960,15,15:59
961,16,16:00
962,16,16:01
963,16,16:02
964,16,16:03
965,16,16:04
966,16,16:05
967,16,16:06
968,16,16:07
969,16,16:08
970,16,16:09
971,16,16:10
972,16,16:11
973,16,16:12
974,16,16:13
975,16,16:14
976,16,16:15
977,16,16:16
978,16,16:17
979,16,16:18
980,16,16:19
981,16,16:20
982,16,16:21
983,16,16:22
984,16,16:23
985,16,16:24
986,16,16:25
987,16,16:26
988,16,16:27
989,16,16:28
990,16,16:29
991,16,16:30
992,16,16:31
993,16,16:32
994,16,16:33
995,16,16:34
996,16,16:35
997,16,16:36
998,16,16:37
999,16,16:38
1000,16,16:39
1001,16,16:40
1002,16,16:41
1003,16,16:42
1004,16,16:43
1005,16,16:44
1006,16,16:45
1007,16,16:46
1008,16,16:47
1009,16,16:48
1010,16,16:49
1011,16,16:50
1012,16,16:51
1013,16,16:52
1014,16,16:53
1015,16,16:54
1016,16,16:55
1017,16,16:56
1018,16,16:57
1019,16,16:58
1020,16,16:59
1021,17,17:00
1022,17,17:01
1023,17,17:02
1024,17,17:03
1025,17,17:04
1026,17,17:05
1027,17,17:06
1028,17,17:07
1029,17,17:08
1030,17,17:09
1031,17,17:10
1032,17,17:11
1033,17,17:12
1034,17,17:13
1035,17,17:14
1036,17,17:15
1037,17,17:16
1038,17,17:17
1039,17,17:18
1040,17,17:19
1041,17,17:20
1042,17,17:21
1043,17,17:22
1044,17,17:23
1045,17,17:24
1046,17,17:25
1047,17,17:26
1048,17,17:27
1049,17,17:28
1050,17,17:29
1051,17,17:30
1052,17,17:31
1053,17,17:32
1054,17,17:33
1055,17,17:34
1056,17,17:35
1057,17,17:36
1058,17,17:37
1059,17,17:38
1060,17,17:39
1061,17,17:40
1062,17,17:41
1063,17,17:42
1064,17,17:43
1065,17,17:44
1066,17,17:45
1067,17,17:46
1068,17,17:47
1069,17,17:48
1070,17,17:49
1071,17,17:50
1072,17,17:51
1073,17,17:52
1074,17,17:53
1075,17,17:54
1076,17,17:55
1077,17,17:56
1078,17,17:57
1079,17,17:58
1080,17,17:59
1081,18,18:00
1082,18,18:01
1083,18,18:02
1084,18,18:03
1085,18,18:04
1086,18,18:05
1087,18,18:06
1088,18,18:07
1089,18,18:08
1090,18,18:09
1091,18,18:10
1092,18,18:11
1093,18,18:12
1094,18,18:13
1095,18,18:14
1096,18,18:15
1097,18,18:16
1098,18,18:17
1099,18,18:18
1100,18,18:19
1101,18,18:20
1102,18,18:21
1103,18,18:22
1104,18,18:23
1105,18,18:24
1106,18,18:25
1107,18,18:26
1108,18,18:27
1109,18,18:28
1110,18,18:29
1111,18,18:30
1112,18,18:31
1113,18,18:32
1114,18,18:33
1115,18,18:34
1116,18,18:35
1117,18,18:36
1118,18,18:37
1119,18,18:38
1120,18,18:39
1121,18,18:40
1122,18,18:41
1123,18,18:42
1124,18,18:43
1125,18,18:44
1126,18,18:45
1127,18,18:46
1128,18,18:47
1129,18,18:48
1130,18,18:49
1131,18,18:50
1132,18,18:51
1133,18,18:52
1134,18,18:53
1135,18,18:54
1136,18,18:55
1137,18,18:56
1138,18,18:57
1139,18,18:58
1140,18,18:59
1141,19,19:00
1142,19,19:01
1143,19,19:02
1144,19,19:03
1145,19,19:04
1146,19,19:05
1147,19,19:06
1148,19,19:07
1149,19,19:08
1150,19,19:09
1151,19,19:10
1152,19,19:11
1153,19,19:12
1154,19,19:13
1155,19,19:14
1156,19,19:15
1157,19,19:16
1158,19,19:17
1159,19,19:18
1160,19,19:19
1161,19,19:20
1162,19,19:21
1163,19,19:22
1164,19,19:23
1165,19,19:24
1166,19,19:25
1167,19,19:26
1168,19,19:27
1169,19,19:28
1170,19,19:29
1171,19,19:30
1172,19,19:31
1173,19,19:32
1174,19,19:33
1175,19,19:34
1176,19,19:35
1177,19,19:36
1178,19,19:37
1179,19,19:38
1180,19,19:39
1181,19,19:40
1182,19,19:41
1183,19,19:42
1184,19,19:43
1185,19,19:44
1186,19,19:45
1187,19,19:46
1188,19,19:47
1189,19,19:48
1190,19,19:49
1191,19,19:50
1192,19,19:51
1193,19,19:52
1194,19,19:53
1195,19,19:54
1196,19,19:55
1197,19,19:56
1198,19,19:57
1199,19,19:58
1200,19,19:59
1201,20,20:00
1202,20,20:01
1203,20,20:02
1204,20,20:03
1205,20,20:04
1206,20,20:05
1207,20,20:06
1208,20,20:07
1209,20,20:08
1210,20,20:09
1211,20,20:10
1212,20,20:11
1213,20,20:12
1214,20,20:13
1215,20,20:14
1216,20,20:15
1217,20,20:16
1218,20,20:17
1219,20,20:18
1220,20,20:19
1221,20,20:20
1222,20,20:21
1223,20,20:22
1224,20,20:23
1225,20,20:24
1226,20,20:25
1227,20,20:26
1228,20,20:27
1229,20,20:28
1230,20,20:29
1231,20,20:30
1232,20,20:31
1233,20,20:32
1234,20,20:33
1235,20,20:34
1236,20,20:35
1237,20,20:36
1238,20,20:37
1239,20,20:38
1240,20,20:39
1241,20,20:40
1242,20,20:41
1243,20,20:42
1244,20,20:43
1245,20,20:44
1246,20,20:45
1247,20,20:46
1248,20,20:47
1249,20,20:48
1250,20,20:49
1251,20,20:50
1252,20,20:51
1253,20,20:52
1254,20,20:53
1255,20,20:54
1256,20,20:55
1257,20,20:56
1258,20,20:57
1259,20,20:58
1260,20,20:59
1261,21,21:00
1262,21,21:01
1263,21,21:02
1264,21,21:03
1265,21,21:04
1266,21,21:05
1267,21,21:06
1268,21,21:07
1269,21,21:08
1270,21,21:09
1271,21,21:10
1272,21,21:11
1273,21,21:12
1274,21,21:13
1275,21,21:14
1276,21,21:15
1277,21,21:16
1278,21,21:17
1279,21,21:18
1280,21,21:19
1281,21,21:20
1282,21,21:21
1283,21,21:22
1284,21,21:23
1285,21,21:24
1286,21,21:25
1287,21,21:26
1288,21,21:27
1289,21,21:28
1290,21,21:29
1291,21,21:30
1292,21,21:31
1293,21,21:32
1294,21,21:33
1295,21,21:34
1296,21,21:35
1297,21,21:36
1298,21,21:37
1299,21,21:38
1300,21,21:39
1301,21,21:40
1302,21,21:41
1303,21,21:42
1304,21,21:43
1305,21,21:44
1306,21,21:45
1307,21,21:46
1308,21,21:47
1309,21,21:48
1310,21,21:49
1311,21,21:50
1312,21,21:51
1313,21,21:52
1314,21,21:53
1315,21,21:54
1316,21,21:55
1317,21,21:56
1318,21,21:57
1319,21,21:58
1320,21,21:59
1321,22,22:00
1322,22,22:01
1323,22,22:02
1324,22,22:03
1325,22,22:04
1326,22,22:05
1327,22,22:06
1328,22,22:07
1329,22,22:08
1330,22,22:09
1331,22,22:10
1332,22,22:11
1333,22,22:12
1334,22,22:13
1335,22,22:14
1336,22,22:15
1337,22,22:16
1338,22,22:17
1339,22,22:18
1340,22,22:19
1341,22,22:20
1342,22,22:21
1343,22,22:22
1344,22,22:23
1345,22,22:24
1346,22,22:25
1347,22,22:26
1348,22,22:27
1349,22,22:28
1350,22,22:29
1351,22,22:30
1352,22,22:31
1353,22,22:32
1354,22,22:33
1355,22,22:34
1356,22,22:35
1357,22,22:36
1358,22,22:37
1359,22,22:38
1360,22,22:39
1361,22,22:40
1362,22,22:41
1363,22,22:42
1364,22,22:43
1365,22,22:44
1366,22,22:45
1367,22,22:46
1368,22,22:47
1369,22,22:48
1370,22,22:49
1371,22,22:50
1372,22,22:51
1373,22,22:52
1374,22,22:53
1375,22,22:54
1376,22,22:55
1377,22,22:56
1378,22,22:57
1379,22,22:58
1380,22,22:59
1381,23,23:00
1382,23,23:01
1383,23,23:02
1384,23,23:03
1385,23,23:04
1386,23,23:05
1387,23,23:06
1388,23,23:07
1389,23,23:08
1390,23,23:09
1391,23,23:10
1392,23,23:11
1393,23,23:12
1394,23,23:13
1395,23,23:14
1396,23,23:15
1397,23,23:16
1398,23,23:17
1399,23,23:18
1400,23,23:19
1401,23,23:20
1402,23,23:21
1403,23,23:22
1404,23,23:23
1405,23,23:24
1406,23,23:25
1407,23,23:26
1408,23,23:27
1409,23,23:28
1410,23,23:29
1411,23,23:30
1412,23,23:31
1413,23,23:32
1414,23,23:33
1415,23,23:34
1416,23,23:35
1417,23,23:36
1418,23,23:37
1419,23,23:38
1420,23,23:39
1421,23,23:40
1422,23,23:41
1423,23,23:42
1424,23,23:43
1425,23,23:44
1426,23,23:45
1427,23,23:46
1428,23,23:47
1429,23,23:48
1430,23,23:49
1431,23,23:50
1432,23,23:51
1433,23,23:52
1434,23,23:53
1435,23,23:54
1436,23,23:55
1437,23,23:56
1438,23,23:57
1439,23,23:58
1440,23,23:59
